[
  {
    "title": "Brown eggs",
    "category": "dairy",
    "description": "Raw organic brown eggs in a basket",
    "filename": "0.jpg",
    "price": 28.1
  },
  {
    "title": "Sweet fresh stawberry",
    "category": "fruit",
    "description": "Sweet fresh stawberry on the wooden table",
    "filename": "1.jpg",
    "price": 29.45
  },
  {
    "title": "Asparagus",
    "category": "vegetable",
    "description": "Asparagus with ham on the wooden table",
    "filename": "2.jpg",
    "price": 18.95
  },
  {
    "title": "Green smoothie",
    "category": "dairy",
    "description": "Glass of green smoothie with quail egg's yolk, served with cocktail tube, green apple and baby spinach leaves over tin surface.",
    "filename": "3.jpg",
    "price": 17.68
  },
  {
    "title": "Raw legums",
    "category": "vegetable",
    "description": "Raw legums on the wooden table",
    "filename": "4.jpg",
    "price": 17.11
  },
  {
    "title": "Baking cake",
    "category": "dairy",
    "description": "Baking cake in rural kitchen - dough  recipe ingredients (eggs, flour, sugar) on vintage wooden table from above.",
    "filename": "5.jpg",
    "price": 11.14
  },
  {
    "title": "Pesto with basil",
    "category": "vegetable",
    "description": "Italian traditional pesto with basil, chesse and oil",
    "filename": "6.jpg",
    "price": 18.19
  },
  {
    "title": "Hazelnut in black ceramic bowl",
    "category": "vegetable",
    "description": "Hazelnut in black ceramic bowl on old wooden background. forest wealth. rustic style. selective focus",
    "filename": "7.jpg",
    "price": 27.35
  },
  {
    "title": "Fresh stawberry",
    "category": "fruit",
    "description": "Sweet fresh stawberry on the wooden table",
    "filename": "8.jpg",
    "price": 28.59
  },
  {
    "title": "Lemon and salt",
    "category": "fruit",
    "description": "Rosemary, lemon and salt on the table",
    "filename": "9.jpg",
    "price": 15.79
  },
  {
    "title": "Homemade bread",
    "category": "bakery",
    "description": "Homemade bread",
    "filename": "10.jpg",
    "price": 17.48
  },
  {
    "title": "Legums",
    "category": "vegetable",
    "description": "Cooked legums on the wooden table",
    "filename": "11.jpg",
    "price": 14.77
  },
  {
    "title": "Fresh tomato",
    "category": "vegetable",
    "description": "Fresh tomato juice with basil",
    "filename": "12.jpg",
    "price": 16.3
  },
  {
    "title": "Healthy breakfast",
    "category": "fruit",
    "description": "Healthy breakfast set. rice cereal or porridge with berries and honey over rustic wood background",
    "filename": "13.jpg",
    "price": 13.02
  },
  {
    "title": "Green beans",
    "category": "vegetable",
    "description": "Raw organic green beans ready to eat",
    "filename": "14.jpg",
    "price": 28.79
  },
  {
    "title": "Baked stuffed portabello mushrooms",
    "category": "bakery",
    "description": "Homemade baked stuffed portabello mushrooms with spinach and cheese",
    "filename": "15.jpg",
    "price": 20.31
  },
  {
    "title": "Strawberry jelly",
    "category": "fruit",
    "description": "Homemade organic strawberry jelly in a jar",
    "filename": "16.jpg",
    "price": 14.18
  },
  {
    "title": "Pears juice",
    "category": "fruit",
    "description": "Fresh pears juice on the wooden table",
    "filename": "17.jpg",
    "price": 19.49
  },
  {
    "title": "Fresh pears",
    "category": "fruit",
    "description": "Sweet fresh pears on the wooden table",
    "filename": "18.jpg",
    "price": 15.12
  },
  {
    "title": "Caprese salad",
    "category": "vegetable",
    "description": "Homemade healthy caprese salad with tomato mozzarella and basil",
    "filename": "19.jpg",
    "price": 16.76
  },
  {
    "title": "Oranges",
    "category": "fruit",
    "description": "Orange popsicle ice cream bars made from fresh oranges.  a refreshing summer treat.",
    "filename": "20.jpg",
    "price": 21.48
  },
  {
    "title": "Vegan food",
    "category": "vegetable",
    "description": "Concept of vegan food",
    "filename": "21.jpg",
    "price": 29.66
  },
  {
    "title": "Breakfast with muesli",
    "category": "dairy",
    "description": "Concept of healthy breakfast with muesli",
    "filename": "22.jpg",
    "price": 22.7
  },
  {
    "title": "Honey",
    "category": "bakery",
    "description": "Honey and honeycell on the table",
    "filename": "23.jpg",
    "price": 17.01
  },
  {
    "title": "Breakfast with cottage",
    "category": "fruit",
    "description": "Healthy breakfast with cottage cheese and strawberry",
    "filename": "24.jpg",
    "price": 14.05
  },
  {
    "title": "Strawberry smoothie",
    "category": "fruit",
    "description": "Glass of red strawberry smoothie with chia seeds, served with retro cocktail tube, fresh mint and strawberries over dark background",
    "filename": "25.jpg",
    "price": 28.86
  },
  {
    "title": "Strawberry and mint",
    "category": "fruit",
    "description": "Homemade muesli with strawberry and mint",
    "filename": "26.jpg",
    "price": 26.21
  },
  {
    "title": "Ricotta",
    "category": "dairy",
    "description": "Ricotta with berry and mint",
    "filename": "27.jpg",
    "price": 27.81
  }
]